id,firstname,lastname,email,date,Amount
1000,Teriann,Artie,Teriann.Artie@yopmail.com,1900-08-06,2429.35
1001,Frances,Peg,Frances.Peg@yopmail.com,1922-04-15,8074.65
1002,Winny,Abernon,Winny.Abernon@yopmail.com,1952-05-09,4494.68
1003,Perry,Merat,Perry.Merat@yopmail.com,1935-07-01,8917.04
1004,Mariann,Carolin,Mariann.Carolin@yopmail.com,1910-10-19,4856.84
1005,Annice,Garbe,Annice.Garbe@yopmail.com,2012-04-03,8951.05
1006,Mamie,Llovera,Mamie.Llovera@yopmail.com,1938-03-12,8807.84
1007,Nollie,Hirsch,Nollie.Hirsch@yopmail.com,1933-01-04,9668.41
1008,Kerrin,Marden,Kerrin.Marden@yopmail.com,1969-06-17,5727.28
1009,Blake,Atcliffe,Blake.Atcliffe@yopmail.com,2013-06-16,1912.98
1010,Tonia,Kathie,Tonia.Kathie@yopmail.com,1943-01-05,9446.31
1011,Gilligan,Rosemary,Gilligan.Rosemary@yopmail.com,1962-07-13,1438.53
1012,Estell,Bebe,Estell.Bebe@yopmail.com,1926-08-05,8975.33
1013,Aurelie,Johanna,Aurelie.Johanna@yopmail.com,1942-07-09,7378.53
1014,Cassandra,Thar,Cassandra.Thar@yopmail.com,1984-04-06,9977.98
1015,Harmonia,Catie,Harmonia.Catie@yopmail.com,1980-09-17,6343.55
1016,Yetty,Kylander,Yetty.Kylander@yopmail.com,1940-05-13,9564.26
1017,Leontine,Zachary,Leontine.Zachary@yopmail.com,1990-06-24,9918.85
1018,Harmonia,Garek,Harmonia.Garek@yopmail.com,1910-05-17,1386.37
1019,Constance,Aprile,Constance.Aprile@yopmail.com,1926-04-26,5912.63
1020,Maisey,Klotz,Maisey.Klotz@yopmail.com,1948-09-10,1408.28
1021,Lucy,Hebner,Lucy.Hebner@yopmail.com,2000-11-17,1594.03
1022,Veda,Lattie,Veda.Lattie@yopmail.com,2010-12-14,1641.71
1023,Regina,Hamil,Regina.Hamil@yopmail.com,1952-02-16,4517.92
1024,Elora,Tybald,Elora.Tybald@yopmail.com,1924-03-22,2508.12
1025,Lacie,Norrie,Lacie.Norrie@yopmail.com,1999-03-12,9789.28
1026,Judy,My,Judy.My@yopmail.com,1969-10-11,3885.48
1027,Bee,Buckler,Bee.Buckler@yopmail.com,1940-06-26,4069.06
1028,Helsa,Melan,Helsa.Melan@yopmail.com,1930-11-22,2383.59
1029,Demetris,Voletta,Demetris.Voletta@yopmail.com,2019-06-10,5246.63
1030,Mara,Michella,Mara.Michella@yopmail.com,1977-02-08,7698.15
1031,Lynea,Thilda,Lynea.Thilda@yopmail.com,1938-11-27,7175.76
1032,Bettine,Naor,Bettine.Naor@yopmail.com,1949-12-30,5726.59
1033,Tonia,Noman,Tonia.Noman@yopmail.com,1985-12-28,9088.32
1034,Fina,Tufts,Fina.Tufts@yopmail.com,1926-11-22,7898.99
1035,Jaclyn,Burch,Jaclyn.Burch@yopmail.com,1945-04-13,4558.04
1036,Feliza,Syd,Feliza.Syd@yopmail.com,1951-02-27,5816.5
1037,Blondelle,Casimir,Blondelle.Casimir@yopmail.com,2018-08-19,3919.16
1038,Siana,Ahab,Siana.Ahab@yopmail.com,1911-01-17,9570.95
1039,Brandise,Bach,Brandise.Bach@yopmail.com,1974-05-23,4330.65
1040,Vinita,Ulphia,Vinita.Ulphia@yopmail.com,2010-04-14,8834.17
1041,Berget,Sinegold,Berget.Sinegold@yopmail.com,1990-04-29,5762.93
1042,Romona,Junie,Romona.Junie@yopmail.com,2008-05-21,6079.13
1043,Elise,Meli,Elise.Meli@yopmail.com,1915-10-26,9323.05
1044,Blondelle,Buckler,Blondelle.Buckler@yopmail.com,2016-11-07,9769.03
1045,Rori,Klotz,Rori.Klotz@yopmail.com,1916-04-11,5879.47
1046,Gavrielle,Pillsbury,Gavrielle.Pillsbury@yopmail.com,1942-05-25,9427.52
1047,Gui,Sabella,Gui.Sabella@yopmail.com,1918-08-14,6909.28
1048,Emma,Felizio,Emma.Felizio@yopmail.com,1948-11-13,7561.77
1049,Bill,Valerio,Bill.Valerio@yopmail.com,1930-01-15,2184.28
1050,Phedra,Publia,Phedra.Publia@yopmail.com,2008-01-11,3017.53
1051,Andeee,Alrich,Andeee.Alrich@yopmail.com,1984-02-19,6475.37
1052,Joelly,Raffo,Joelly.Raffo@yopmail.com,1985-10-21,8123.49
1053,Mariele,Ferrell,Mariele.Ferrell@yopmail.com,1943-05-11,9180.56
1054,Susette,Ellord,Susette.Ellord@yopmail.com,1983-07-26,6239.61
1055,Sidoney,Leary,Sidoney.Leary@yopmail.com,1901-07-22,3897.31
1056,Shandie,Masao,Shandie.Masao@yopmail.com,1937-08-31,1777.49
1057,Elfreda,Audly,Elfreda.Audly@yopmail.com,1995-03-29,9211.51
1058,Aryn,Sigfrid,Aryn.Sigfrid@yopmail.com,1906-10-09,9959.75
1059,Kial,Nelsen,Kial.Nelsen@yopmail.com,2013-01-29,2021.21
1060,Danny,Argus,Danny.Argus@yopmail.com,1985-05-07,7618.44
1061,Shaine,Tamar,Shaine.Tamar@yopmail.com,2016-03-30,3795.35
1062,Nikki,Dermott,Nikki.Dermott@yopmail.com,1979-04-13,2987.32
1063,Jany,Haldas,Jany.Haldas@yopmail.com,1929-04-10,7479.8
1064,Annecorinne,Judye,Annecorinne.Judye@yopmail.com,1995-03-03,4026.63
1065,Ardys,Slifka,Ardys.Slifka@yopmail.com,1976-03-03,8868.67
1066,Hildegaard,Gaynor,Hildegaard.Gaynor@yopmail.com,2005-03-06,8783.43
1067,Elora,Mandler,Elora.Mandler@yopmail.com,1954-04-12,1101.12
1068,Jean,Helve,Jean.Helve@yopmail.com,1965-07-11,8512.86
1069,Nicoli,Kunin,Nicoli.Kunin@yopmail.com,2008-01-18,8776.78
1070,Clarice,Durware,Clarice.Durware@yopmail.com,1944-11-19,6828.69
1071,Lisette,Guthrie,Lisette.Guthrie@yopmail.com,2001-11-29,4275.34
1072,Alexine,Vale,Alexine.Vale@yopmail.com,2008-02-07,6073.46
1073,Allyce,Wyn,Allyce.Wyn@yopmail.com,1958-09-17,3837.18
1074,Winny,Shelba,Winny.Shelba@yopmail.com,1941-01-26,1094.55
1075,Jerry,Maiah,Jerry.Maiah@yopmail.com,1982-06-18,1062.85
1076,Jenda,Septima,Jenda.Septima@yopmail.com,1936-12-03,4359.28
1077,Elie,Hailee,Elie.Hailee@yopmail.com,2001-04-12,7504.52
1078,Ofilia,Stefa,Ofilia.Stefa@yopmail.com,2005-07-20,8266.44
1079,Georgina,Stanwood,Georgina.Stanwood@yopmail.com,1946-09-28,1864.64
1080,Robbi,Camden,Robbi.Camden@yopmail.com,1926-07-18,8201.17
1081,Stacey,Ricki,Stacey.Ricki@yopmail.com,1905-05-31,2048.95
1082,Evaleen,Merriott,Evaleen.Merriott@yopmail.com,2000-12-20,8712.66
1083,Sadie,Killigrew,Sadie.Killigrew@yopmail.com,1995-11-30,1603.41
1084,Adelle,Percy,Adelle.Percy@yopmail.com,1903-05-25,8269.94
1085,Cathyleen,Bartlett,Cathyleen.Bartlett@yopmail.com,2010-10-31,1988.66
1086,Roz,Vins,Roz.Vins@yopmail.com,1957-11-02,2401.55
1087,Hollie,Merna,Hollie.Merna@yopmail.com,1996-10-10,1809.78
1088,Melina,Nelsen,Melina.Nelsen@yopmail.com,2018-04-18,3930.24
1089,Luci,Thar,Luci.Thar@yopmail.com,1921-04-07,9729.36
1090,Elbertina,Nance,Elbertina.Nance@yopmail.com,1917-05-02,1557.17
1091,Sabina,Toni,Sabina.Toni@yopmail.com,1994-08-19,1977.41
1092,Nita,Laverne,Nita.Laverne@yopmail.com,1923-07-16,3965.7
1093,Hayley,LaRue,Hayley.LaRue@yopmail.com,2003-01-07,1879.12
1094,Janis,Odell,Janis.Odell@yopmail.com,1966-10-20,7774.04
1095,Constance,Dahlia,Constance.Dahlia@yopmail.com,1996-07-01,7895.23
1096,Sharai,Melan,Sharai.Melan@yopmail.com,1934-12-17,8344.79
1097,Gavrielle,Vorster,Gavrielle.Vorster@yopmail.com,1958-05-22,8940.99
1098,Annabela,Shirberg,Annabela.Shirberg@yopmail.com,1994-04-12,1380.81
1099,Zsa Zsa,Tound,Zsa Zsa.Tound@yopmail.com,1934-08-22,8173.51
1100,Dorene,Oscar,Dorene.Oscar@yopmail.com,1957-12-21,5286.62
1101,Catrina,Ellerey,Catrina.Ellerey@yopmail.com,1927-06-29,6408.91
1102,Fidelia,Remmer,Fidelia.Remmer@yopmail.com,1903-06-12,6258.21
1103,Tierney,Koziara,Tierney.Koziara@yopmail.com,2005-12-27,5449.67
1104,Stacey,Publia,Stacey.Publia@yopmail.com,1965-07-21,1149.77
1105,Luci,Harl,Luci.Harl@yopmail.com,1992-06-16,7047.54
1106,Nollie,Wildermuth,Nollie.Wildermuth@yopmail.com,1975-11-12,9951.91
1107,Katharina,Gerge,Katharina.Gerge@yopmail.com,1951-05-22,6582.96
1108,Elfreda,Parette,Elfreda.Parette@yopmail.com,2019-11-28,7639.97
1109,Lyssa,Cutlerr,Lyssa.Cutlerr@yopmail.com,1931-12-13,9926.27
1110,Shel,Fleeta,Shel.Fleeta@yopmail.com,1963-02-09,4334.45
1111,Edyth,Germann,Edyth.Germann@yopmail.com,1901-08-24,4344.2
1112,Eve,Yoko,Eve.Yoko@yopmail.com,1900-03-24,1311.65
1113,Goldie,Morrill,Goldie.Morrill@yopmail.com,1923-09-26,6949.57
1114,Sashenka,Bates,Sashenka.Bates@yopmail.com,1970-04-19,4249.25
1115,Ivett,Alisia,Ivett.Alisia@yopmail.com,1900-07-09,5113.27
1116,Wanda,Anestassia,Wanda.Anestassia@yopmail.com,1994-11-03,3173.58
1117,Wynne,Hazlett,Wynne.Hazlett@yopmail.com,1961-01-12,9015
1118,Alex,Killigrew,Alex.Killigrew@yopmail.com,2009-08-01,4490.07
1119,Adore,Brackely,Adore.Brackely@yopmail.com,1911-06-17,3476.96
1120,Misha,Stuart,Misha.Stuart@yopmail.com,1990-05-03,3188.21
1121,Alyssa,Peg,Alyssa.Peg@yopmail.com,2017-01-29,1572.7
1122,Jackie,Lay,Jackie.Lay@yopmail.com,1951-03-26,3993.97
1123,Dulce,Schlosser,Dulce.Schlosser@yopmail.com,1906-06-17,9560.8
1124,Rayna,Edmund,Rayna.Edmund@yopmail.com,1917-09-28,5885.38
1125,Olivette,Adamsen,Olivette.Adamsen@yopmail.com,1997-04-04,3537.09
1126,Jordan,Virgin,Jordan.Virgin@yopmail.com,2010-04-02,3206.26
1127,Cyndie,Tryck,Cyndie.Tryck@yopmail.com,1902-02-13,3746.16
1128,Carilyn,Havens,Carilyn.Havens@yopmail.com,1928-08-06,3048.13
1129,Gratia,Anyah,Gratia.Anyah@yopmail.com,2011-05-11,3192.27
1130,Isa,Kimmie,Isa.Kimmie@yopmail.com,1961-10-03,5094.77
1131,Corly,Ursulette,Corly.Ursulette@yopmail.com,1935-06-23,6291.19
1132,Jolyn,Center,Jolyn.Center@yopmail.com,1993-12-10,3612.42
1133,Alie,Winthorpe,Alie.Winthorpe@yopmail.com,1908-06-06,2771.07
1134,Angela,Tayib,Angela.Tayib@yopmail.com,1970-02-24,3834.37
1135,Donnie,Juliet,Donnie.Juliet@yopmail.com,1942-04-26,9504.38
1136,Sonni,Trace,Sonni.Trace@yopmail.com,1989-07-29,8268.48
1137,Lusa,Rosalba,Lusa.Rosalba@yopmail.com,1914-10-15,4145.45
1138,Betta,Mathilde,Betta.Mathilde@yopmail.com,1901-01-27,5857.55
1139,Riannon,Liebermann,Riannon.Liebermann@yopmail.com,1973-06-06,3957.43
1140,Candi,Leler,Candi.Leler@yopmail.com,1937-10-28,7886.83
1141,Fawne,Viddah,Fawne.Viddah@yopmail.com,1940-07-07,8382.47
1142,Melanie,Ursulette,Melanie.Ursulette@yopmail.com,2015-06-15,8426.46
1143,Vita,Hedve,Vita.Hedve@yopmail.com,1919-02-11,8208.35
1144,Cacilie,Ovid,Cacilie.Ovid@yopmail.com,1965-08-21,6669.58
1145,Etta,Konyn,Etta.Konyn@yopmail.com,1997-01-11,1171.85
1146,Katharina,Gino,Katharina.Gino@yopmail.com,2016-12-17,7763.97
1147,Coral,Malanie,Coral.Malanie@yopmail.com,1997-07-29,7117.8
1148,Belva,Bartlett,Belva.Bartlett@yopmail.com,1955-12-29,3646.91
1149,Alia,Vivle,Alia.Vivle@yopmail.com,2003-03-03,5316.09
1150,Thalia,Nedrud,Thalia.Nedrud@yopmail.com,1921-12-31,6656.61
1151,Jere,Jammal,Jere.Jammal@yopmail.com,1975-04-03,1360.33
1152,Jillayne,Franza,Jillayne.Franza@yopmail.com,1902-03-13,1201.78
1153,Brietta,Baylor,Brietta.Baylor@yopmail.com,1969-09-04,4740.92
1154,Ardenia,Diogenes,Ardenia.Diogenes@yopmail.com,1919-03-27,4946.7
1155,Dianemarie,Edee,Dianemarie.Edee@yopmail.com,1971-02-10,6203.34
1156,Loree,Horan,Loree.Horan@yopmail.com,1942-07-13,2970.76
1157,Marguerite,Nickola,Marguerite.Nickola@yopmail.com,1907-07-30,4957.76
1158,Rosaline,Maroney,Rosaline.Maroney@yopmail.com,2014-07-19,1019.86
1159,Bobbi,Myrilla,Bobbi.Myrilla@yopmail.com,1989-01-07,8953.71
1160,Ketti,Bebe,Ketti.Bebe@yopmail.com,2000-09-09,2034.9
1161,Collen,Hutchison,Collen.Hutchison@yopmail.com,1985-01-31,7265.87
1162,Glenda,Chabot,Glenda.Chabot@yopmail.com,1920-01-29,5266.01
1163,Olivette,Forrer,Olivette.Forrer@yopmail.com,2009-02-16,7915
1164,Celestyna,Regan,Celestyna.Regan@yopmail.com,1945-12-14,7736.3
1165,Bernie,Alejoa,Bernie.Alejoa@yopmail.com,1908-04-06,4554.16
1166,Mariann,Alarise,Mariann.Alarise@yopmail.com,1932-09-06,6072.74
1167,Mahalia,Jalbert,Mahalia.Jalbert@yopmail.com,1937-01-16,4602.32
1168,Adore,Lorenz,Adore.Lorenz@yopmail.com,2010-07-16,8492.52
1169,Zia,Valerio,Zia.Valerio@yopmail.com,1937-07-31,9088.25
1170,Nadine,Mayeda,Nadine.Mayeda@yopmail.com,1973-03-13,5513.31
1171,Kore,Grimbly,Kore.Grimbly@yopmail.com,1971-06-28,8223.03
1172,Kaia,Argus,Kaia.Argus@yopmail.com,1914-11-05,7244.8
1173,Kary,Sisile,Kary.Sisile@yopmail.com,1908-09-18,6197.11
1174,Danny,Stefa,Danny.Stefa@yopmail.com,1913-05-18,7713.69
1175,Cam,Kristi,Cam.Kristi@yopmail.com,1956-05-22,9947.35
1176,Carree,Gavrila,Carree.Gavrila@yopmail.com,1994-10-08,3249.89
1177,June,Tomasina,June.Tomasina@yopmail.com,2007-05-15,3307.47
1178,Ana,Fairweather,Ana.Fairweather@yopmail.com,1925-02-06,5262.93
1179,Petronia,Rogerio,Petronia.Rogerio@yopmail.com,2013-07-19,8651.22
1180,Jaclyn,Leonard,Jaclyn.Leonard@yopmail.com,2009-12-17,7824.99
1181,Marika,Joli,Marika.Joli@yopmail.com,1983-02-25,6497.78
1182,Wendi,Kenney,Wendi.Kenney@yopmail.com,1973-04-30,3474.75
1183,Jacenta,Gabrielli,Jacenta.Gabrielli@yopmail.com,1957-08-20,7994.31
1184,Karly,Raseda,Karly.Raseda@yopmail.com,1948-08-27,2219.12
1185,Frances,Margret,Frances.Margret@yopmail.com,1909-10-05,8866.83
1186,Alejandra,Pelagias,Alejandra.Pelagias@yopmail.com,2002-08-14,1017.89
1187,Jany,MacIntosh,Jany.MacIntosh@yopmail.com,1939-08-28,3196.24
1188,Ulrike,Calhoun,Ulrike.Calhoun@yopmail.com,1932-06-01,2503
1189,Averyl,Selway,Averyl.Selway@yopmail.com,1978-05-15,5367.79
1190,Alia,Daveta,Alia.Daveta@yopmail.com,1971-12-31,8607.67
1191,Gavrielle,Phi,Gavrielle.Phi@yopmail.com,1961-11-15,9120.6
1192,Keelia,Blisse,Keelia.Blisse@yopmail.com,1996-11-10,8463.92
1193,Corry,Carey,Corry.Carey@yopmail.com,1997-12-31,3910.99
1194,Corene,Florina,Corene.Florina@yopmail.com,1917-01-20,9678.1
1195,Shannah,Westphal,Shannah.Westphal@yopmail.com,1922-11-21,5264.71
1196,Codie,Kaete,Codie.Kaete@yopmail.com,1975-05-22,4007.82
1197,Aeriela,Doig,Aeriela.Doig@yopmail.com,1949-06-06,3964.09
1198,Lorenza,Fennessy,Lorenza.Fennessy@yopmail.com,1951-11-11,9154.41
1199,Teriann,Roche,Teriann.Roche@yopmail.com,1995-01-18,2590.75
1200,Charissa,Carvey,Charissa.Carvey@yopmail.com,1955-02-15,1301.61
1201,Shaine,Uund,Shaine.Uund@yopmail.com,1985-12-16,8478.47
1202,Lily,Vanni,Lily.Vanni@yopmail.com,1993-01-02,2391.34
1203,Corly,Magdalen,Corly.Magdalen@yopmail.com,1922-09-02,8373.45
1204,Phedra,Cookie,Phedra.Cookie@yopmail.com,2009-12-17,5516.23
1205,Donnie,Korey,Donnie.Korey@yopmail.com,1998-06-02,7911.39
1206,Darci,Matthew,Darci.Matthew@yopmail.com,2006-12-17,2580.66
1207,Cassandra,Wesle,Cassandra.Wesle@yopmail.com,1984-06-28,4776.02
1208,Atlanta,Dudley,Atlanta.Dudley@yopmail.com,1924-02-05,2244.2
1209,Jolyn,Croix,Jolyn.Croix@yopmail.com,1966-09-07,5530.76
1210,Rhea,Meli,Rhea.Meli@yopmail.com,1941-08-23,8026.98
1211,Candy,Charity,Candy.Charity@yopmail.com,2008-09-06,2123.17
1212,Arabel,Terrence,Arabel.Terrence@yopmail.com,1913-05-25,8471.03
1213,Karina,Hazlett,Karina.Hazlett@yopmail.com,1901-10-27,6675.01
1214,Aili,Jess,Aili.Jess@yopmail.com,1973-05-29,1125.78
1215,Nariko,Seagraves,Nariko.Seagraves@yopmail.com,1939-01-13,9927.4
1216,Marsiella,Llovera,Marsiella.Llovera@yopmail.com,2016-11-04,4876.88
1217,Aryn,Isidore,Aryn.Isidore@yopmail.com,2011-07-10,3643.65
1218,Amara,Zaslow,Amara.Zaslow@yopmail.com,1909-12-18,9030.74
1219,Corly,Janene,Corly.Janene@yopmail.com,1984-01-02,8952.78
1220,Jenilee,Yusuk,Jenilee.Yusuk@yopmail.com,2011-01-17,3044.57
1221,Rosanne,Bobbee,Rosanne.Bobbee@yopmail.com,1951-02-25,1892.77
1222,Kary,Raffo,Kary.Raffo@yopmail.com,1900-02-18,4205.53
1223,Edee,Flyn,Edee.Flyn@yopmail.com,1991-01-22,7462.79
1224,Kathy,Durware,Kathy.Durware@yopmail.com,1990-12-24,7353.34
1225,Jobi,Vorster,Jobi.Vorster@yopmail.com,1952-09-23,9814.28
1226,Elbertina,Arathorn,Elbertina.Arathorn@yopmail.com,1991-05-19,4595.26
1227,Rivalee,Loleta,Rivalee.Loleta@yopmail.com,2009-10-04,9049.34
1228,Katharina,Fabiola,Katharina.Fabiola@yopmail.com,2019-08-29,1710.67
1229,Kathi,Bendick,Kathi.Bendick@yopmail.com,1935-01-08,2086.12
1230,Katleen,Gibbeon,Katleen.Gibbeon@yopmail.com,1914-08-07,9181.92
1231,Elena,Linehan,Elena.Linehan@yopmail.com,1935-11-25,3898.92
1232,Raf,Oriana,Raf.Oriana@yopmail.com,1949-05-21,4521.85
1233,Odessa,Forrer,Odessa.Forrer@yopmail.com,1930-10-13,5639.79
1234,Brana,Milde,Brana.Milde@yopmail.com,1946-08-10,5902.22
1235,Amara,Smitt,Amara.Smitt@yopmail.com,1997-04-11,9265.38
1236,Sidoney,Katrine,Sidoney.Katrine@yopmail.com,1979-01-07,1223.17
1237,Jorry,Kellby,Jorry.Kellby@yopmail.com,1996-03-03,1469.41
1238,Cam,Phaidra,Cam.Phaidra@yopmail.com,2002-01-14,9720.16
1239,Fawne,Mauer,Fawne.Mauer@yopmail.com,1913-09-23,9031.8
1240,Andree,Mehalek,Andree.Mehalek@yopmail.com,1972-04-26,7208.96
1241,Emylee,Lewes,Emylee.Lewes@yopmail.com,1983-01-17,4607.73
1242,Jaime,Meli,Jaime.Meli@yopmail.com,1993-11-15,9034.83
1243,Britte,Sherfield,Britte.Sherfield@yopmail.com,1977-07-21,5114.46
1244,Nessie,Lucienne,Nessie.Lucienne@yopmail.com,1912-11-07,7546.78
1245,Luci,Ammann,Luci.Ammann@yopmail.com,1933-03-03,2084.66
1246,Florie,Borrell,Florie.Borrell@yopmail.com,1917-08-21,3451.46
1247,Natka,Ventre,Natka.Ventre@yopmail.com,1902-07-15,8823.64
1248,Allis,Garlinda,Allis.Garlinda@yopmail.com,1952-02-05,1359.34
1249,Kellen,Gherardo,Kellen.Gherardo@yopmail.com,1984-08-17,3289.85
1250,Sallie,Georgy,Sallie.Georgy@yopmail.com,1922-12-24,8811.22
1251,Candy,Flita,Candy.Flita@yopmail.com,1906-08-26,7201.84
1252,Janenna,Dulciana,Janenna.Dulciana@yopmail.com,1971-10-03,1415.17
1253,Pollyanna,Deny,Pollyanna.Deny@yopmail.com,1986-04-07,2865.34
1254,Willetta,Candy,Willetta.Candy@yopmail.com,1949-12-28,8305.6
1255,Candy,Dalli,Candy.Dalli@yopmail.com,1963-07-04,3157.16
1256,Shel,Bakerman,Shel.Bakerman@yopmail.com,1956-07-08,2801.5
1257,Clary,Ramona,Clary.Ramona@yopmail.com,1967-05-19,4621.42
1258,Gui,Pascia,Gui.Pascia@yopmail.com,2013-05-26,2815.2
1259,Elfreda,Bartlett,Elfreda.Bartlett@yopmail.com,1934-02-12,7796.95
1260,Pollyanna,Ellord,Pollyanna.Ellord@yopmail.com,1911-02-26,1922.2
1261,Dulce,Vacuva,Dulce.Vacuva@yopmail.com,2013-11-26,7718.88
1262,Fayre,Margret,Fayre.Margret@yopmail.com,1970-01-23,3790.75
1263,Brietta,Ulphia,Brietta.Ulphia@yopmail.com,1901-01-14,5930.32
1264,Mildrid,Afton,Mildrid.Afton@yopmail.com,1976-12-26,7601.72
1265,Angela,Selway,Angela.Selway@yopmail.com,1917-08-05,4376.25
1266,Rori,Fitzsimmons,Rori.Fitzsimmons@yopmail.com,2012-04-29,8458.9
1267,Melodie,Rhu,Melodie.Rhu@yopmail.com,1999-12-24,4252.86
1268,Gusella,Esmaria,Gusella.Esmaria@yopmail.com,1987-03-08,6904.87
1269,Sean,Olympium,Sean.Olympium@yopmail.com,1923-08-12,9675.29
1270,Damaris,Gahl,Damaris.Gahl@yopmail.com,2017-08-22,3479.62
1271,Almeta,Kare,Almeta.Kare@yopmail.com,1950-12-12,3998.82
1272,Winny,Lay,Winny.Lay@yopmail.com,1933-11-06,4439.48
1273,Myrtice,Danby,Myrtice.Danby@yopmail.com,2016-06-07,5864.21
1274,Tierney,Sheng,Tierney.Sheng@yopmail.com,1901-01-22,4951.76
1275,Tressa,Mauer,Tressa.Mauer@yopmail.com,1993-04-04,5035.56
1276,Elie,Talia,Elie.Talia@yopmail.com,1919-10-06,6243.92
1277,Aurore,Sharl,Aurore.Sharl@yopmail.com,1907-11-13,5037.16
1278,Teriann,Darbie,Teriann.Darbie@yopmail.com,2004-07-08,4860.02
1279,Mallory,Fairweather,Mallory.Fairweather@yopmail.com,1929-04-10,8972.46
1280,Renie,Talia,Renie.Talia@yopmail.com,2007-12-27,9666.32
1281,Myriam,Gunn,Myriam.Gunn@yopmail.com,1911-06-24,7899.82
1282,Karly,Hoban,Karly.Hoban@yopmail.com,1929-06-20,9891.16
1283,Nicoli,Wiener,Nicoli.Wiener@yopmail.com,1995-11-09,5721.48
1284,Ileana,Neils,Ileana.Neils@yopmail.com,2000-02-04,1346.31
1285,Imojean,Poll,Imojean.Poll@yopmail.com,1949-07-16,3323
1286,Elfreda,Amand,Elfreda.Amand@yopmail.com,1996-08-13,6544.78
1287,Sam,Buckler,Sam.Buckler@yopmail.com,1994-05-06,2632.74
1288,Viki,Croix,Viki.Croix@yopmail.com,2015-06-16,1039.87
1289,Estell,Marisa,Estell.Marisa@yopmail.com,2007-06-22,1486.88
1290,Eadie,Belanger,Eadie.Belanger@yopmail.com,1962-02-12,2916.78
1291,Penelopa,Florina,Penelopa.Florina@yopmail.com,1907-02-24,4680.41
1292,Maurene,Camden,Maurene.Camden@yopmail.com,1963-01-06,1531.48
1293,Kimberley,Hedve,Kimberley.Hedve@yopmail.com,1940-06-18,2028.38
1294,Jere,Swigart,Jere.Swigart@yopmail.com,2008-03-22,5783.85
1295,Netty,Newell,Netty.Newell@yopmail.com,1955-02-12,2629.02
1296,Jany,Berne,Jany.Berne@yopmail.com,2005-04-05,5008.18
1297,Betta,Thad,Betta.Thad@yopmail.com,1924-04-01,4788.8
1298,Alejandra,Wu,Alejandra.Wu@yopmail.com,1963-11-12,9180.04
1299,Roslyn,Wesle,Roslyn.Wesle@yopmail.com,1924-10-18,8043.58
1300,Sindee,Armanda,Sindee.Armanda@yopmail.com,2017-03-30,5218.17
1301,Julieta,Forrer,Julieta.Forrer@yopmail.com,1963-04-13,5748.89
1302,Rosene,Bandeen,Rosene.Bandeen@yopmail.com,1988-07-09,6725.16
1303,Dyann,Cordi,Dyann.Cordi@yopmail.com,2014-05-02,7531.24
1304,Trixi,Gilmour,Trixi.Gilmour@yopmail.com,1933-11-23,1312.75
1305,Roz,Chinua,Roz.Chinua@yopmail.com,1933-08-24,1519.74
1306,Carmela,Lowry,Carmela.Lowry@yopmail.com,1964-02-17,1222.05
1307,Paola,Chapland,Paola.Chapland@yopmail.com,2017-08-15,9568.79
1308,Edyth,Stacy,Edyth.Stacy@yopmail.com,1984-01-12,1740.4
1309,Winny,Jillane,Winny.Jillane@yopmail.com,1994-08-16,6907.35
1310,Catharine,Boycey,Catharine.Boycey@yopmail.com,2011-02-24,7279
1311,Sheree,Markman,Sheree.Markman@yopmail.com,1983-10-12,1580.01
1312,Sharai,Carlson,Sharai.Carlson@yopmail.com,1932-10-28,9262.55
1313,Amii,Abernon,Amii.Abernon@yopmail.com,1991-06-06,9759.43
1314,Corina,Argus,Corina.Argus@yopmail.com,2003-12-07,3916.36
1315,Gwyneth,Ashely,Gwyneth.Ashely@yopmail.com,1916-07-22,6281.04
1316,Ricky,Darian,Ricky.Darian@yopmail.com,1932-04-03,8910.58
1317,Althea,Lipson,Althea.Lipson@yopmail.com,1956-09-10,8583.78
1318,Adelle,Maples,Adelle.Maples@yopmail.com,1940-09-13,6622.34
1319,Ada,Kirbee,Ada.Kirbee@yopmail.com,1964-09-21,1927.17
1320,Modestia,Wadell,Modestia.Wadell@yopmail.com,1952-05-21,2999.69
1321,Janeczka,Pillsbury,Janeczka.Pillsbury@yopmail.com,1975-12-25,5526.61
1322,Ketti,Kirbee,Ketti.Kirbee@yopmail.com,1987-10-21,3832.84
1323,Henriette,Heidt,Henriette.Heidt@yopmail.com,1956-08-13,1701.41
1324,Zaria,Pearse,Zaria.Pearse@yopmail.com,1945-11-18,6382.8
1325,Dagmar,Chapland,Dagmar.Chapland@yopmail.com,1944-06-02,2511.61
1326,Dorene,Berard,Dorene.Berard@yopmail.com,1988-01-11,2561.89
1327,Gaylene,Bashemeth,Gaylene.Bashemeth@yopmail.com,1920-03-23,9092.27
1328,Quintina,Rad,Quintina.Rad@yopmail.com,1901-07-13,7880.62
1329,Damaris,Podvin,Damaris.Podvin@yopmail.com,1973-02-28,9274.34
1330,Margalo,Lissi,Margalo.Lissi@yopmail.com,1926-12-10,9909.57
1331,Winifred,Zola,Winifred.Zola@yopmail.com,1957-01-06,9461.08
1332,Emylee,Autrey,Emylee.Autrey@yopmail.com,1959-07-06,2909.72
1333,Tybie,Thad,Tybie.Thad@yopmail.com,2002-04-19,5789.99
1334,Olivette,Evangelia,Olivette.Evangelia@yopmail.com,1996-01-25,7695.36
1335,Dorice,Trinetta,Dorice.Trinetta@yopmail.com,2002-05-17,5509.27
1336,Bill,Howlyn,Bill.Howlyn@yopmail.com,1979-07-29,4140.42
1337,Marleah,Granoff,Marleah.Granoff@yopmail.com,2013-11-27,3422.29
1338,Annabela,Madox,Annabela.Madox@yopmail.com,1973-03-17,1152.55
1339,Minne,Talia,Minne.Talia@yopmail.com,1976-11-04,2129.53
1340,Regina,Hilbert,Regina.Hilbert@yopmail.com,1940-03-18,7728.12
1341,Lorenza,Vorster,Lorenza.Vorster@yopmail.com,1983-05-09,4786.85
1342,Joelly,Bennie,Joelly.Bennie@yopmail.com,1961-06-28,3381.45
1343,Bettine,Garrison,Bettine.Garrison@yopmail.com,1914-02-04,2350.5
1344,Fayre,Adamsen,Fayre.Adamsen@yopmail.com,1913-01-07,9400.72
1345,Mahalia,Weitman,Mahalia.Weitman@yopmail.com,1955-07-26,4823.19
1346,Josephine,Decato,Josephine.Decato@yopmail.com,1978-04-24,8472.01
1347,Lory,Medrek,Lory.Medrek@yopmail.com,1938-08-15,7676.8
1348,Emmey,Raffo,Emmey.Raffo@yopmail.com,1987-10-18,4381.8
1349,Viki,Arley,Viki.Arley@yopmail.com,1936-09-21,3410.43
1350,Glenda,Hutchison,Glenda.Hutchison@yopmail.com,2017-10-18,4893.22
1351,Tera,Greyson,Tera.Greyson@yopmail.com,1963-05-29,3726.72
1352,Frances,Parsaye,Frances.Parsaye@yopmail.com,1948-07-23,3341.37
1353,Lanae,Neils,Lanae.Neils@yopmail.com,1941-01-13,9090.39
1354,Bernardine,Pauly,Bernardine.Pauly@yopmail.com,1900-01-14,6899.32
1355,Britte,Stilwell,Britte.Stilwell@yopmail.com,2015-11-24,1007.06
1356,Daryl,Richers,Daryl.Richers@yopmail.com,1990-10-06,3514.51
1357,Deedee,Milde,Deedee.Milde@yopmail.com,2018-11-27,1167.21
1358,Netty,Anestassia,Netty.Anestassia@yopmail.com,2000-07-25,7393.64
1359,Jordan,Seligman,Jordan.Seligman@yopmail.com,1918-11-27,9599.39
1360,Glynnis,Secrest,Glynnis.Secrest@yopmail.com,2005-07-26,1935.93
1361,Arlina,Salvidor,Arlina.Salvidor@yopmail.com,1932-07-07,4283.72
1362,Mara,Joli,Mara.Joli@yopmail.com,1963-01-22,2096.73
1363,Addia,Jehu,Addia.Jehu@yopmail.com,2005-11-08,2348.01
1364,Jean,Guildroy,Jean.Guildroy@yopmail.com,1959-06-27,1153.8
1365,Lesly,Ciro,Lesly.Ciro@yopmail.com,1940-08-25,1256.76
1366,Lexine,Mandler,Lexine.Mandler@yopmail.com,1923-07-22,8744.18
1367,Madelle,Adore,Madelle.Adore@yopmail.com,2005-01-06,3989.89
1368,Alejandra,Christine,Alejandra.Christine@yopmail.com,1946-05-25,4190.62
1369,Nollie,Lymann,Nollie.Lymann@yopmail.com,2018-01-05,1156.14
1370,Melodie,Prouty,Melodie.Prouty@yopmail.com,2013-12-18,5549.25
1371,Vanessa,Garbe,Vanessa.Garbe@yopmail.com,1981-03-11,4417.34
1372,Juliane,Smitt,Juliane.Smitt@yopmail.com,1998-01-24,9423.43
1373,Emylee,Hathaway,Emylee.Hathaway@yopmail.com,2007-09-17,2716.82
1374,Jany,Fabiola,Jany.Fabiola@yopmail.com,1904-11-14,1367.6
1375,Queenie,Lenny,Queenie.Lenny@yopmail.com,2012-02-26,2704.47
1376,Marcy,Silvan,Marcy.Silvan@yopmail.com,1935-03-06,5040.91
1377,Shandie,Maryanne,Shandie.Maryanne@yopmail.com,1977-06-19,6188.5
1378,Harrietta,Uird,Harrietta.Uird@yopmail.com,2015-05-18,9806.54
1379,Elka,Cleavland,Elka.Cleavland@yopmail.com,1968-11-24,9478.06
1380,Magdalena,Torray,Magdalena.Torray@yopmail.com,2015-11-21,5773.71
1381,Sharlene,Velick,Sharlene.Velick@yopmail.com,2002-11-07,3509.07
1382,Gretal,Muriel,Gretal.Muriel@yopmail.com,1944-07-05,3839.17
1383,Nannie,Gerge,Nannie.Gerge@yopmail.com,1999-10-15,4654.37
1384,Glenda,Eachern,Glenda.Eachern@yopmail.com,1984-05-25,3126.94
1385,Tatiania,Rese,Tatiania.Rese@yopmail.com,2008-09-11,6029.13
1386,Paulita,Bahr,Paulita.Bahr@yopmail.com,1900-12-16,7634.84
1387,Amara,Henebry,Amara.Henebry@yopmail.com,1970-08-14,3941.68
1388,Jere,Fontana,Jere.Fontana@yopmail.com,1973-08-26,1642.4
1389,Patricia,McAdams,Patricia.McAdams@yopmail.com,1973-06-12,7244.36
1390,Gisela,Jeanne,Gisela.Jeanne@yopmail.com,1926-05-04,7784.57
1391,Mildrid,Adalbert,Mildrid.Adalbert@yopmail.com,1941-04-16,6021.79
1392,Jan,Vanni,Jan.Vanni@yopmail.com,1925-10-16,6221.22
1393,Dominga,Malvino,Dominga.Malvino@yopmail.com,2017-01-13,6276.91
1394,Shandie,Maribeth,Shandie.Maribeth@yopmail.com,1974-08-03,1357.1
1395,Ana,Weide,Ana.Weide@yopmail.com,1926-09-05,1424.1
1396,Rosabelle,Corilla,Rosabelle.Corilla@yopmail.com,1984-07-30,4829.2
1397,Lonnie,Sherfield,Lonnie.Sherfield@yopmail.com,1976-01-27,8765.24
1398,Rori,Ephrem,Rori.Ephrem@yopmail.com,1931-07-08,8774.71
1399,Fernande,Reneta,Fernande.Reneta@yopmail.com,2012-07-04,5966.21
1400,Gwyneth,Delila,Gwyneth.Delila@yopmail.com,2010-04-20,4842.77
1401,Amalie,Sundin,Amalie.Sundin@yopmail.com,1934-08-16,9079.17
1402,Kerrin,Wilkinson,Kerrin.Wilkinson@yopmail.com,1903-05-28,5743.64
1403,Jillayne,Talia,Jillayne.Talia@yopmail.com,2006-09-09,9256.02
1404,Vinita,Ball,Vinita.Ball@yopmail.com,1983-09-03,7914.26
1405,Britni,Jerold,Britni.Jerold@yopmail.com,1985-07-09,6148.34
1406,Alexine,Nadia,Alexine.Nadia@yopmail.com,1945-05-10,3529.79
1407,Carmela,Westphal,Carmela.Westphal@yopmail.com,2013-12-30,8986.62
1408,Blondelle,Hutchison,Blondelle.Hutchison@yopmail.com,2018-02-23,4197.34
1409,Edyth,Kenwood,Edyth.Kenwood@yopmail.com,1975-12-27,8903.65
1410,Darci,Vernier,Darci.Vernier@yopmail.com,1974-07-03,9754.77
1411,Wilma,Norrie,Wilma.Norrie@yopmail.com,1902-01-07,2975.44
1412,Emma,Clara,Emma.Clara@yopmail.com,1972-09-04,2018.94
1413,Britni,Yam,Britni.Yam@yopmail.com,1904-04-19,3177.96
1414,Helena,O'Neill,Helena.O'Neill@yopmail.com,2002-11-09,7660.51
1415,Collen,Audly,Collen.Audly@yopmail.com,1995-07-23,2417.26
1416,Allis,Bearnard,Allis.Bearnard@yopmail.com,1960-02-17,7947
1417,Jemie,Voletta,Jemie.Voletta@yopmail.com,1939-07-01,8260.68
1418,Amii,Clie,Amii.Clie@yopmail.com,1903-12-15,4484.73
1419,Gusella,Faria,Gusella.Faria@yopmail.com,1997-05-23,6481.44
1420,Marinna,Rolf,Marinna.Rolf@yopmail.com,1947-06-11,4791.72
1421,Elie,Hermes,Elie.Hermes@yopmail.com,2017-10-25,1088.56
1422,Belva,Janene,Belva.Janene@yopmail.com,1940-04-18,6098.17
1423,Kerrin,Bebe,Kerrin.Bebe@yopmail.com,1904-09-03,7601.22
1424,Xylina,Billye,Xylina.Billye@yopmail.com,1973-08-19,4355
1425,Ada,Maples,Ada.Maples@yopmail.com,1931-10-13,2150.34
1426,Fernande,Nunci,Fernande.Nunci@yopmail.com,2011-01-18,6441.44
1427,Adelle,Colyer,Adelle.Colyer@yopmail.com,1946-04-15,4649.97
1428,Marleah,Hourigan,Marleah.Hourigan@yopmail.com,1940-04-27,2157.86
1429,Doro,Chandler,Doro.Chandler@yopmail.com,1922-12-26,4825.89
1430,Cindelyn,Penelopa,Cindelyn.Penelopa@yopmail.com,1945-06-22,3637
1431,Correy,Peg,Correy.Peg@yopmail.com,2010-09-09,5585.87
1432,Linet,Leopold,Linet.Leopold@yopmail.com,1989-04-28,3999.55
1433,Dede,Palocz,Dede.Palocz@yopmail.com,1932-12-24,6049.43
1434,Melodie,Salchunas,Melodie.Salchunas@yopmail.com,1902-02-03,1699.5
1435,Netty,Hanshaw,Netty.Hanshaw@yopmail.com,1964-04-06,8177.92
1436,Roz,Kermit,Roz.Kermit@yopmail.com,1994-02-02,1585
1437,Marline,Hartnett,Marline.Hartnett@yopmail.com,1975-09-20,4799.22
1438,Annabela,Claudine,Annabela.Claudine@yopmail.com,2005-04-16,7182.94
1439,Elmira,Koziara,Elmira.Koziara@yopmail.com,1962-06-12,4273.21
1440,Inga,Nisbet,Inga.Nisbet@yopmail.com,1932-03-31,4899.76
1441,Maurene,Francene,Maurene.Francene@yopmail.com,2012-10-15,6142.67
1442,Tilly,Norrie,Tilly.Norrie@yopmail.com,1978-06-13,6196.41
1443,Janeczka,Iiette,Janeczka.Iiette@yopmail.com,1948-10-16,9960.79
1444,Jsandye,Kylander,Jsandye.Kylander@yopmail.com,2015-10-20,8569.79
1445,Jenda,Bettine,Jenda.Bettine@yopmail.com,1933-10-12,2445.95
1446,Kamilah,Chaing,Kamilah.Chaing@yopmail.com,1948-07-12,7381.73
1447,Edyth,Revkah,Edyth.Revkah@yopmail.com,2016-08-21,8396.2
1448,Jobi,Rosette,Jobi.Rosette@yopmail.com,1991-09-08,6243.13
1449,Elka,Dominy,Elka.Dominy@yopmail.com,1944-06-28,5353.14
1450,Layla,Argus,Layla.Argus@yopmail.com,1917-05-06,9392.68
1451,Basia,Presber,Basia.Presber@yopmail.com,1938-04-22,5380.81
1452,Vita,Ambrosia,Vita.Ambrosia@yopmail.com,1901-07-26,3313.17
1453,Dennie,Dituri,Dennie.Dituri@yopmail.com,2012-11-26,6348.13
1454,Berget,Cimbura,Berget.Cimbura@yopmail.com,1915-04-25,3769.19
1455,Kirbee,Nore,Kirbee.Nore@yopmail.com,1906-06-21,2487.85
1456,Addia,Amasa,Addia.Amasa@yopmail.com,1920-10-21,8671.54
1457,Zaria,Suanne,Zaria.Suanne@yopmail.com,1967-05-29,1399.6
1458,Ada,Abram,Ada.Abram@yopmail.com,2012-01-25,2615.45
1459,Willetta,Etom,Willetta.Etom@yopmail.com,2006-04-02,6498.89
1460,Melodie,Milde,Melodie.Milde@yopmail.com,2005-11-27,2472.93
1461,Ekaterina,Obed,Ekaterina.Obed@yopmail.com,1962-06-16,6933.69
1462,Demetris,Sancho,Demetris.Sancho@yopmail.com,1926-09-18,8657.79
1463,Keelia,Stephie,Keelia.Stephie@yopmail.com,1973-07-13,1708.29
1464,Brynna,Ledah,Brynna.Ledah@yopmail.com,1948-12-30,7056.14
1465,Livvyy,Baylor,Livvyy.Baylor@yopmail.com,1918-08-18,1453.34
1466,Maurene,Gordon,Maurene.Gordon@yopmail.com,2016-12-04,2732.68
1467,Berget,Faria,Berget.Faria@yopmail.com,1923-11-04,9988.96
1468,Adore,Neva,Adore.Neva@yopmail.com,1989-07-09,9567.9
1469,Claresta,Zetta,Claresta.Zetta@yopmail.com,1949-05-18,3943.07
1470,Eolanda,Turne,Eolanda.Turne@yopmail.com,1983-12-16,3527.3
1471,Carmela,Kravits,Carmela.Kravits@yopmail.com,2004-06-19,3423.45
1472,Katleen,Lymann,Katleen.Lymann@yopmail.com,1945-03-18,2099.48
1473,Morganica,Percy,Morganica.Percy@yopmail.com,1973-05-17,2415.33
1474,Gilligan,Winnick,Gilligan.Winnick@yopmail.com,1956-11-12,8461.63
1475,Nelle,Teryn,Nelle.Teryn@yopmail.com,1906-06-05,7062.52
1476,Sonni,Claudine,Sonni.Claudine@yopmail.com,1909-12-23,7877.64
1477,Sybille,Allina,Sybille.Allina@yopmail.com,1949-10-06,3742.61
1478,Meghann,Taam,Meghann.Taam@yopmail.com,1982-04-07,9561.15
1479,Tobe,Gahl,Tobe.Gahl@yopmail.com,2007-04-06,9663.69
1480,Carree,Means,Carree.Means@yopmail.com,1943-02-04,2574.54
1481,Ira,Briney,Ira.Briney@yopmail.com,1953-07-12,6838.42
1482,Lexine,Medrek,Lexine.Medrek@yopmail.com,2010-07-10,2232.67
1483,Danny,Serilda,Danny.Serilda@yopmail.com,1955-02-16,2384.28
1484,Kaja,Kat,Kaja.Kat@yopmail.com,1942-05-09,1390.06
1485,Ulrike,Yate,Ulrike.Yate@yopmail.com,1956-03-22,5992.45
1486,Julieta,Knowling,Julieta.Knowling@yopmail.com,1944-08-08,9062.51
1487,Josephine,Stelle,Josephine.Stelle@yopmail.com,1907-02-21,2910.65
1488,Eolanda,Cleavland,Eolanda.Cleavland@yopmail.com,1964-04-23,4210.26
1489,Malina,Monk,Malina.Monk@yopmail.com,1988-02-20,9834.18
1490,Ebonee,Georas,Ebonee.Georas@yopmail.com,1979-04-05,9213.65
1491,Correy,Wyn,Correy.Wyn@yopmail.com,1922-03-05,2956.3
1492,Hallie,Lowry,Hallie.Lowry@yopmail.com,1948-06-14,9416.79
1493,Kimberley,Meli,Kimberley.Meli@yopmail.com,1919-01-16,1763.32
1494,Ofilia,Lindemann,Ofilia.Lindemann@yopmail.com,1997-08-24,4147.72
1495,Ana,Parsaye,Ana.Parsaye@yopmail.com,2017-10-31,8520.9
1496,Melisent,Mehalek,Melisent.Mehalek@yopmail.com,1905-10-09,2200.73
1497,Bibby,Catie,Bibby.Catie@yopmail.com,1933-07-22,8799.61
1498,Emilia,Latini,Emilia.Latini@yopmail.com,1924-05-19,3114.9
1499,Shaine,Kronfeld,Shaine.Kronfeld@yopmail.com,1917-09-08,4788.41
1500,Gaylene,Tryck,Gaylene.Tryck@yopmail.com,1940-11-18,2358.01
1501,Margette,Beniamino,Margette.Beniamino@yopmail.com,2002-01-30,6885.68
1502,Amelia,Velick,Amelia.Velick@yopmail.com,1949-10-06,6394.38
1503,Atlanta,Dawkins,Atlanta.Dawkins@yopmail.com,1949-01-16,3063.28
1504,Kimmy,Koziara,Kimmy.Koziara@yopmail.com,1972-07-10,7842.86
1505,Monika,Fitzsimmons,Monika.Fitzsimmons@yopmail.com,1970-08-14,5678.95
1506,Meghann,Beniamino,Meghann.Beniamino@yopmail.com,1919-05-31,3952.05
1507,Antonietta,Blisse,Antonietta.Blisse@yopmail.com,1949-09-22,6622.72
1508,Bill,Laverne,Bill.Laverne@yopmail.com,1993-05-07,4569.99
1509,Orelia,Tarrant,Orelia.Tarrant@yopmail.com,1941-10-31,9489.09
1510,Kenna,Zamora,Kenna.Zamora@yopmail.com,1937-12-10,2364
1511,Dotty,Ephrem,Dotty.Ephrem@yopmail.com,1957-09-22,1000.38
1512,Selia,Ledah,Selia.Ledah@yopmail.com,2012-12-25,6948.46
1513,Cam,Graig,Cam.Graig@yopmail.com,2001-10-27,9000.84
1514,Nerta,Randene,Nerta.Randene@yopmail.com,1946-12-04,4772.78
1515,Felice,Chobot,Felice.Chobot@yopmail.com,1930-01-08,4945.43
1516,Emelina,Henrie,Emelina.Henrie@yopmail.com,1920-06-19,2848.15
1517,Lindie,Aldric,Lindie.Aldric@yopmail.com,1989-11-12,8635.89
1518,Theodora,Brunell,Theodora.Brunell@yopmail.com,1993-06-19,1939.61
1519,Lila,Kiersten,Lila.Kiersten@yopmail.com,1919-03-09,9256.41
1520,Tonia,Beniamino,Tonia.Beniamino@yopmail.com,1921-02-01,9325.8
1521,Mady,Dex,Mady.Dex@yopmail.com,1921-10-31,6471.4
1522,Chrystel,Wenoa,Chrystel.Wenoa@yopmail.com,1954-11-17,6452.03
1523,Kimberley,Raseda,Kimberley.Raseda@yopmail.com,1901-06-17,3140.85
1524,Gui,Odysseus,Gui.Odysseus@yopmail.com,1912-11-07,1497.74
1525,Melanie,Serilda,Melanie.Serilda@yopmail.com,2018-01-03,3930.02
1526,Bertine,Guthrie,Bertine.Guthrie@yopmail.com,1926-05-10,8799.66
1527,Alyssa,Mott,Alyssa.Mott@yopmail.com,1983-04-17,1850.17
1528,Kellen,Lane,Kellen.Lane@yopmail.com,2012-08-28,3293.6
1529,Lorenza,Zamora,Lorenza.Zamora@yopmail.com,1977-05-03,1058.76
1530,Kate,Terencio,Kate.Terencio@yopmail.com,1936-08-18,3787.69
1531,Malina,Schalles,Malina.Schalles@yopmail.com,1953-11-16,3406.01
1532,Hope,Callista,Hope.Callista@yopmail.com,1961-05-04,1072.32
1533,Bernardine,Donoghue,Bernardine.Donoghue@yopmail.com,1902-09-19,5608.53
1534,Fredericka,Germann,Fredericka.Germann@yopmail.com,1931-11-28,9995.84
1535,Clementine,Eno,Clementine.Eno@yopmail.com,1946-07-29,7187.38
1536,Elora,Himelman,Elora.Himelman@yopmail.com,1958-07-17,6157.58
1537,Emilia,Morehouse,Emilia.Morehouse@yopmail.com,1966-06-13,1891.25
1538,Vivia,Ephrem,Vivia.Ephrem@yopmail.com,2006-03-25,5032.42
1539,Binny,Elisha,Binny.Elisha@yopmail.com,1994-09-28,6517.03
1540,Dawn,Toor,Dawn.Toor@yopmail.com,2014-05-16,5804.96
1541,Ileana,Thad,Ileana.Thad@yopmail.com,1955-10-03,4883.55
1542,Priscilla,Fleeta,Priscilla.Fleeta@yopmail.com,1926-09-29,1607.43
1543,Ayn,Arathorn,Ayn.Arathorn@yopmail.com,2002-12-29,5624.08
1544,Ana,Dearborn,Ana.Dearborn@yopmail.com,2018-04-13,1522.69
1545,Allyce,Plato,Allyce.Plato@yopmail.com,2013-04-10,8759.65
1546,Ottilie,Ezar,Ottilie.Ezar@yopmail.com,1991-06-04,6676.04
1547,Zsa Zsa,Alrich,Zsa Zsa.Alrich@yopmail.com,1992-11-26,6818.99
1548,Hallie,Sherrie,Hallie.Sherrie@yopmail.com,1941-04-09,7167.05
1549,Cecile,Kazimir,Cecile.Kazimir@yopmail.com,1957-05-01,2534.7
1550,Clo,Shama,Clo.Shama@yopmail.com,1940-04-17,1772.96
1551,Melisent,Hathaway,Melisent.Hathaway@yopmail.com,1927-02-18,4986.66
1552,Kassey,Parsaye,Kassey.Parsaye@yopmail.com,2013-05-24,6152.92
1553,Moyna,Tatianas,Moyna.Tatianas@yopmail.com,2010-04-22,5758.06
1554,Carly,Talia,Carly.Talia@yopmail.com,1940-09-15,9261.52
1555,Daryl,Adalbert,Daryl.Adalbert@yopmail.com,1969-11-19,4667.86
1556,Roz,Louanna,Roz.Louanna@yopmail.com,1977-10-29,1090.3
1557,Chastity,Elsinore,Chastity.Elsinore@yopmail.com,1966-12-05,7592.63
1558,Nickie,Smitt,Nickie.Smitt@yopmail.com,2013-06-21,4280.44
1559,Lilith,Ezar,Lilith.Ezar@yopmail.com,2016-12-03,3749.19
1560,Patricia,Burnside,Patricia.Burnside@yopmail.com,1908-03-01,3574.2
1561,Lilith,Fennessy,Lilith.Fennessy@yopmail.com,1930-11-11,3057.75
1562,Nessie,Felecia,Nessie.Felecia@yopmail.com,1934-09-17,5476.66
1563,Merci,Thar,Merci.Thar@yopmail.com,1982-07-23,4266.7
1564,Ebonee,Felizio,Ebonee.Felizio@yopmail.com,1966-09-19,5919.68
1565,Althea,Rugen,Althea.Rugen@yopmail.com,1968-10-30,7117.19
1566,Lucy,Corrine,Lucy.Corrine@yopmail.com,1937-08-14,5486.91
1567,Clementine,Brady,Clementine.Brady@yopmail.com,1906-11-24,9039.6
1568,Agathe,Ferino,Agathe.Ferino@yopmail.com,1972-01-15,5934.49
1569,Penelopa,Kirstin,Penelopa.Kirstin@yopmail.com,1951-12-02,7725.36
1570,Konstance,Monk,Konstance.Monk@yopmail.com,1915-04-21,3853.21
1571,Devina,Jorgan,Devina.Jorgan@yopmail.com,2014-05-06,4387.61
1572,Regina,Lubin,Regina.Lubin@yopmail.com,1902-07-29,1557.77
1573,Carlie,Brodench,Carlie.Brodench@yopmail.com,1994-12-09,9048.63
1574,Feliza,Annabella,Feliza.Annabella@yopmail.com,1931-02-21,5374.3
1575,Susette,Euridice,Susette.Euridice@yopmail.com,1947-09-27,8268.04
1576,Olivette,Lamoree,Olivette.Lamoree@yopmail.com,1967-01-18,6908.99
1577,Lila,Birdella,Lila.Birdella@yopmail.com,1951-01-28,4106.7
1578,Lauryn,Stefa,Lauryn.Stefa@yopmail.com,1920-09-13,5854.36
1579,Phylis,Donoghue,Phylis.Donoghue@yopmail.com,1963-06-26,9140.74
1580,Babita,Holtz,Babita.Holtz@yopmail.com,1912-04-28,7494.87
1581,Linet,Shelba,Linet.Shelba@yopmail.com,2010-11-22,9139.49
1582,Ida,Delacourt,Ida.Delacourt@yopmail.com,1928-02-12,6579.42
1583,Abbie,Sholley,Abbie.Sholley@yopmail.com,1973-11-09,5353.68
1584,Lorie,Erlandson,Lorie.Erlandson@yopmail.com,2013-11-20,8411.7
1585,Rhoda,Peti,Rhoda.Peti@yopmail.com,1999-10-19,2758.65
1586,Gale,Alfons,Gale.Alfons@yopmail.com,1904-01-21,4689.13
1587,Maurene,Solitta,Maurene.Solitta@yopmail.com,2012-02-22,4282.31
1588,Ida,Lesley,Ida.Lesley@yopmail.com,2009-12-13,9976.34
1589,Lynde,Klotz,Lynde.Klotz@yopmail.com,1986-10-01,2465.51
1590,Carlie,Cutlerr,Carlie.Cutlerr@yopmail.com,1990-01-19,7197.57
1591,Brianna,Elephus,Brianna.Elephus@yopmail.com,1953-05-23,8566.44
1592,Rhea,Larochelle,Rhea.Larochelle@yopmail.com,1940-12-09,4064.3
1593,Hope,Publia,Hope.Publia@yopmail.com,1927-06-30,4771.04
1594,Jolyn,Harned,Jolyn.Harned@yopmail.com,1974-07-26,5870.21
1595,Dominga,Malina,Dominga.Malina@yopmail.com,1916-03-05,7012.33
1596,Noelle,Deegan,Noelle.Deegan@yopmail.com,1947-03-07,2307.74
1597,Sandie,Parsaye,Sandie.Parsaye@yopmail.com,1953-11-28,6954.94
1598,Renie,Hoban,Renie.Hoban@yopmail.com,1959-09-12,3786.75
1599,Rubie,Pattin,Rubie.Pattin@yopmail.com,1912-02-13,6977.78
1600,Nicoli,Gillan,Nicoli.Gillan@yopmail.com,1957-02-22,8264.59
1601,Kirbee,Peonir,Kirbee.Peonir@yopmail.com,2012-01-27,1252.36
1602,Cam,Louanna,Cam.Louanna@yopmail.com,1975-10-27,1773.9
1603,Fawne,Grobe,Fawne.Grobe@yopmail.com,1906-12-13,4830.68
1604,Minda,Gaspard,Minda.Gaspard@yopmail.com,1929-03-10,6693.75
1605,Ann-Marie,Sallyann,Ann-Marie.Sallyann@yopmail.com,1997-09-06,6840.06
1606,Veda,Berard,Veda.Berard@yopmail.com,1940-04-30,7077.52
1607,Raf,Franza,Raf.Franza@yopmail.com,2003-01-24,4408.64
1608,Dotty,Sophronia,Dotty.Sophronia@yopmail.com,2003-03-12,4152
1609,Madalyn,Vastah,Madalyn.Vastah@yopmail.com,1947-03-22,2819.78
1610,Binny,Wattenberg,Binny.Wattenberg@yopmail.com,2003-08-30,5616.32
1611,Gertrud,Pattin,Gertrud.Pattin@yopmail.com,1924-06-04,5858.28
1612,Meghann,Gibbeon,Meghann.Gibbeon@yopmail.com,1914-02-12,8341.09
1613,Lonnie,Rooney,Lonnie.Rooney@yopmail.com,1915-12-21,6559.84
1614,Codie,Ambrosia,Codie.Ambrosia@yopmail.com,1923-04-18,3589.04
1615,Fina,Karylin,Fina.Karylin@yopmail.com,1990-06-24,3879.45
1616,Augustine,Lytton,Augustine.Lytton@yopmail.com,1934-10-23,6669.23
1617,Alie,Dyche,Alie.Dyche@yopmail.com,1929-09-07,5122.14
1618,Susan,Lytton,Susan.Lytton@yopmail.com,1957-07-01,9858.8
1619,Raf,Woodberry,Raf.Woodberry@yopmail.com,1915-08-04,8374.6
1620,Lisette,Argus,Lisette.Argus@yopmail.com,1955-10-22,8702.18
1621,Amara,Han,Amara.Han@yopmail.com,1915-09-25,6944.67
1622,Ekaterina,Morehouse,Ekaterina.Morehouse@yopmail.com,1967-05-08,1307.92
1623,Jacquetta,Pacorro,Jacquetta.Pacorro@yopmail.com,1901-11-10,2481.82
1624,Florie,Argus,Florie.Argus@yopmail.com,2011-01-24,8253.7
1625,Kara-Lynn,Suzetta,Kara-Lynn.Suzetta@yopmail.com,1992-02-07,2070.04
1626,Consuela,Nunci,Consuela.Nunci@yopmail.com,1946-05-12,4681.6
1627,Zondra,Jethro,Zondra.Jethro@yopmail.com,2004-11-20,3089.91
1628,Ann-Marie,Birdella,Ann-Marie.Birdella@yopmail.com,1916-09-05,3767.91
1629,Lindie,Santoro,Lindie.Santoro@yopmail.com,1956-03-27,2632.17
1630,Karolina,Tomasina,Karolina.Tomasina@yopmail.com,1954-10-06,2726.93
1631,Caritta,Lemuela,Caritta.Lemuela@yopmail.com,1993-11-13,8422.1
1632,Nananne,Presber,Nananne.Presber@yopmail.com,1937-09-02,1664.23
1633,Karina,Katrine,Karina.Katrine@yopmail.com,1960-07-03,4447.35
1634,Shell,Vivle,Shell.Vivle@yopmail.com,1991-12-16,4107.17
1635,Yolane,Kirbee,Yolane.Kirbee@yopmail.com,1990-12-14,8567.88
1636,Jobi,Liebermann,Jobi.Liebermann@yopmail.com,2017-02-10,4796.82
1637,Sam,Duwalt,Sam.Duwalt@yopmail.com,1964-02-28,6437.71
1638,Amii,Silvan,Amii.Silvan@yopmail.com,1922-04-19,6305.57
1639,Corene,Bates,Corene.Bates@yopmail.com,1928-08-22,9035.37
1640,Dode,Alice,Dode.Alice@yopmail.com,1904-05-04,8332.96
1641,Margalo,Eckblad,Margalo.Eckblad@yopmail.com,1989-01-10,5426.89
1642,Jaime,Rossner,Jaime.Rossner@yopmail.com,1962-08-05,2114.58
1643,Nyssa,Seessel,Nyssa.Seessel@yopmail.com,1961-04-05,7728.5
1644,Jacquetta,Bethany,Jacquetta.Bethany@yopmail.com,1939-12-15,5101.81
1645,Celene,Adalbert,Celene.Adalbert@yopmail.com,1999-06-04,1470.62
1646,Alisha,Martguerita,Alisha.Martguerita@yopmail.com,1914-12-07,4654.79
1647,Joane,Karna,Joane.Karna@yopmail.com,2012-04-09,2259.34
1648,Hyacinthe,Maryanne,Hyacinthe.Maryanne@yopmail.com,1997-07-07,4918.39
1649,Corina,Chesna,Corina.Chesna@yopmail.com,1925-03-02,7598.56
1650,Mady,Chandler,Mady.Chandler@yopmail.com,2019-01-14,6379.38
1651,Pearline,Raffo,Pearline.Raffo@yopmail.com,1934-10-05,1445.49
1652,Shaine,Rona,Shaine.Rona@yopmail.com,1970-12-06,4330.87
1653,Anthia,Lia,Anthia.Lia@yopmail.com,1919-09-05,1158.51
1654,Annecorinne,Judye,Annecorinne.Judye@yopmail.com,1942-05-11,8222.17
1655,Cassondra,Jehu,Cassondra.Jehu@yopmail.com,2012-10-29,5938.55
1656,Myriam,Kimmie,Myriam.Kimmie@yopmail.com,2008-11-02,5985.4
1657,Verla,Noelyn,Verla.Noelyn@yopmail.com,1976-07-23,2288.64
1658,Valera,Tengdin,Valera.Tengdin@yopmail.com,1900-10-24,2339.9
1659,Nyssa,Hathaway,Nyssa.Hathaway@yopmail.com,1973-12-27,5946.74
1660,Cyb,Urania,Cyb.Urania@yopmail.com,1911-10-08,6236.32
1661,Pollyanna,Ralfston,Pollyanna.Ralfston@yopmail.com,2019-02-21,4705.09
1662,Arlina,Ovid,Arlina.Ovid@yopmail.com,1930-12-15,9405.96
1663,Alisha,Taima,Alisha.Taima@yopmail.com,1999-02-10,5368.63
1664,Merci,Garek,Merci.Garek@yopmail.com,1958-12-11,6178.87
1665,Marcelline,Keily,Marcelline.Keily@yopmail.com,2006-10-30,4611.91
1666,Correy,Ajay,Correy.Ajay@yopmail.com,1907-08-18,2589.64
1667,Carmela,Muriel,Carmela.Muriel@yopmail.com,2017-10-29,9800.7
1668,Pollyanna,Pillsbury,Pollyanna.Pillsbury@yopmail.com,1904-05-26,7399.05
1669,Gale,Tristram,Gale.Tristram@yopmail.com,2009-07-23,8445.06
1670,Flory,Trace,Flory.Trace@yopmail.com,2014-01-27,2890.4
1671,Hannis,Kussell,Hannis.Kussell@yopmail.com,1930-11-14,9827.9
1672,Brooks,Nore,Brooks.Nore@yopmail.com,2003-06-20,8124.93
1673,Tiffie,McAdams,Tiffie.McAdams@yopmail.com,1970-04-11,2549.76
1674,Carolina,Lynn,Carolina.Lynn@yopmail.com,1948-10-27,3889.23
1675,Frank,Couture,Frank.Couture@yopmail.com,1968-10-01,7574.98
1676,Bettine,Seagraves,Bettine.Seagraves@yopmail.com,1987-01-08,1537.39
1677,Gertrud,Michella,Gertrud.Michella@yopmail.com,1984-04-04,4443.57
1678,Margarette,Avi,Margarette.Avi@yopmail.com,1917-02-01,3292.58
1679,Eve,Lesley,Eve.Lesley@yopmail.com,1924-01-04,4122.22
1680,Lynde,Sothena,Lynde.Sothena@yopmail.com,2007-05-06,7766.98
1681,Kittie,Brady,Kittie.Brady@yopmail.com,1947-09-27,1294.36
1682,Penelopa,Ramona,Penelopa.Ramona@yopmail.com,2008-06-21,9789
1683,Lory,Lay,Lory.Lay@yopmail.com,1931-06-28,5466.17
1684,Jemie,Kussell,Jemie.Kussell@yopmail.com,1951-08-22,2306.7
1685,Adriana,Cloris,Adriana.Cloris@yopmail.com,1928-08-03,1729.64
1686,Ira,Adore,Ira.Adore@yopmail.com,1949-07-03,2095.09
1687,Tami,Sharl,Tami.Sharl@yopmail.com,1942-10-27,4098.02
1688,Madelle,Schlosser,Madelle.Schlosser@yopmail.com,2005-07-12,6366.28
1689,Hope,Clie,Hope.Clie@yopmail.com,1921-09-03,1914.4
1690,Karena,Zaslow,Karena.Zaslow@yopmail.com,1965-05-19,6735.36
1691,Anthia,Lucienne,Anthia.Lucienne@yopmail.com,1973-11-11,9717.97
1692,Shannah,Rhu,Shannah.Rhu@yopmail.com,1986-06-07,2225.45
1693,Emelina,Riva,Emelina.Riva@yopmail.com,1917-04-12,1051.42
1694,Allyce,Idelia,Allyce.Idelia@yopmail.com,1975-10-27,3081.32
1695,Tierney,Arquit,Tierney.Arquit@yopmail.com,1904-11-05,6416.48
1696,Iseabal,Reidar,Iseabal.Reidar@yopmail.com,1969-08-29,9830.85
1697,Kate,Weaks,Kate.Weaks@yopmail.com,1908-10-31,2965.13
1698,Belinda,Gilmour,Belinda.Gilmour@yopmail.com,2013-04-17,2952.52
1699,Jackie,Bronk,Jackie.Bronk@yopmail.com,1909-02-16,9802.89
1700,Philis,Scammon,Philis.Scammon@yopmail.com,1986-09-23,9271.36
1701,Emmey,Fiann,Emmey.Fiann@yopmail.com,1970-06-01,3507.97
1702,Adore,Maribeth,Adore.Maribeth@yopmail.com,1913-12-29,9705.33
1703,Amelia,Linskey,Amelia.Linskey@yopmail.com,1926-06-01,5903.66
1704,Dennie,Guildroy,Dennie.Guildroy@yopmail.com,2000-07-14,1753.14
1705,Georgetta,Sidonius,Georgetta.Sidonius@yopmail.com,1997-02-19,7924.38
1706,Tatiania,Zachary,Tatiania.Zachary@yopmail.com,1962-04-06,1390.03
1707,Marylou,Lindemann,Marylou.Lindemann@yopmail.com,1917-12-31,9487.48
1708,Misha,Tice,Misha.Tice@yopmail.com,1971-07-17,1995.74
1709,Siana,Croix,Siana.Croix@yopmail.com,1932-11-20,5955.71
1710,Annora,Margret,Annora.Margret@yopmail.com,1928-10-02,7840.29
1711,Jolyn,Philoo,Jolyn.Philoo@yopmail.com,1977-01-24,9222.91
1712,Berget,Madox,Berget.Madox@yopmail.com,1983-01-27,1660.67
1713,Nickie,Burnside,Nickie.Burnside@yopmail.com,1987-12-28,3983.4
1714,Meriel,Milson,Meriel.Milson@yopmail.com,1957-04-02,1756.06
1715,Clementine,Drisko,Clementine.Drisko@yopmail.com,2019-11-20,4661.66
1716,Alisha,Tice,Alisha.Tice@yopmail.com,1901-09-08,8028.47
1717,Bertine,Henrie,Bertine.Henrie@yopmail.com,1927-11-28,3138.09
1718,Kellen,Pattin,Kellen.Pattin@yopmail.com,1922-07-29,7802.34
1719,Madelle,Malvino,Madelle.Malvino@yopmail.com,1910-06-05,1187.72
1720,Minda,Vorster,Minda.Vorster@yopmail.com,1948-11-23,4499.48
1721,Tamqrah,Wolfgram,Tamqrah.Wolfgram@yopmail.com,1931-01-25,6341
1722,Anthia,Ax,Anthia.Ax@yopmail.com,1900-08-18,9270.42
1723,Mignon,Wu,Mignon.Wu@yopmail.com,2019-08-18,1173.33
1724,Krystle,Jess,Krystle.Jess@yopmail.com,1946-08-01,9211.53
1725,Melanie,Brady,Melanie.Brady@yopmail.com,1960-04-04,6033.49
1726,Sidoney,Burkle,Sidoney.Burkle@yopmail.com,2007-03-14,1411.38
1727,Tomasina,Colbert,Tomasina.Colbert@yopmail.com,1994-12-28,8827.98
1728,Clary,Mendez,Clary.Mendez@yopmail.com,1906-03-24,8858.97
1729,Lelah,Koziara,Lelah.Koziara@yopmail.com,1943-12-07,4161.57
1730,Brandise,Anselmi,Brandise.Anselmi@yopmail.com,1906-05-09,5044.89
1731,Dulcinea,Ambrosia,Dulcinea.Ambrosia@yopmail.com,1945-07-10,6736.51
1732,Robbi,Honoria,Robbi.Honoria@yopmail.com,1984-05-19,2321.04
1733,Dorthy,Berl,Dorthy.Berl@yopmail.com,1911-02-19,5307.48
1734,Charmaine,Holtz,Charmaine.Holtz@yopmail.com,2012-12-24,8350.01
1735,Helena,Leonard,Helena.Leonard@yopmail.com,1928-10-09,9728.66
1736,Kara-Lynn,Agle,Kara-Lynn.Agle@yopmail.com,2017-05-25,5366.33
1737,Millie,Bohlin,Millie.Bohlin@yopmail.com,1989-10-05,3152.13
1738,Misha,Eiser,Misha.Eiser@yopmail.com,1956-06-07,1700.81
1739,Christy,Hermes,Christy.Hermes@yopmail.com,2001-04-17,8529
1740,Beverley,Poppy,Beverley.Poppy@yopmail.com,1931-04-07,3446.29
1741,Roslyn,Amethist,Roslyn.Amethist@yopmail.com,1998-04-05,8831.03
1742,Rozele,Masao,Rozele.Masao@yopmail.com,1922-01-28,4660.46
1743,Tybie,Voletta,Tybie.Voletta@yopmail.com,1970-07-10,6609.86
1744,Nonnah,Abram,Nonnah.Abram@yopmail.com,1986-12-26,8755.98
1745,Hannis,Joli,Hannis.Joli@yopmail.com,1931-03-20,8390.29
1746,Renae,Himelman,Renae.Himelman@yopmail.com,1911-05-21,8001.1
1747,Teddie,Arvo,Teddie.Arvo@yopmail.com,1922-09-30,5026.2
1748,Carly,Chinua,Carly.Chinua@yopmail.com,1943-02-13,5460
1749,Brianna,Janith,Brianna.Janith@yopmail.com,1946-12-18,7406.06
1750,Alie,Bearnard,Alie.Bearnard@yopmail.com,1953-10-29,2017.87
1751,Lindie,Jorgan,Lindie.Jorgan@yopmail.com,1961-08-01,8707.26
1752,Gui,Neils,Gui.Neils@yopmail.com,1996-05-04,9083.53
1753,Florie,Linskey,Florie.Linskey@yopmail.com,1950-04-25,5691.62
1754,Siana,Bouchard,Siana.Bouchard@yopmail.com,1986-10-21,4378.91
1755,Ana,Pulsifer,Ana.Pulsifer@yopmail.com,1976-09-16,1980.86
1756,Leona,Ax,Leona.Ax@yopmail.com,2019-09-20,2549.78
1757,Jsandye,Durante,Jsandye.Durante@yopmail.com,1911-09-11,2078.99
1758,Joeann,Alisia,Joeann.Alisia@yopmail.com,1925-07-12,7805.16
1759,Babita,Francene,Babita.Francene@yopmail.com,1935-10-22,6645.03
1760,Mariann,Seligman,Mariann.Seligman@yopmail.com,1907-01-21,4510.08
1761,Meghann,Tryck,Meghann.Tryck@yopmail.com,2000-07-01,4761.03
1762,Mahalia,Bryna,Mahalia.Bryna@yopmail.com,1935-11-06,7415.31
1763,Belinda,Alisia,Belinda.Alisia@yopmail.com,1955-09-24,3037.7
1764,Alejandra,Krystle,Alejandra.Krystle@yopmail.com,2016-08-28,3823.35
1765,Giustina,Eachern,Giustina.Eachern@yopmail.com,1925-05-01,3613.06
1766,Elfreda,Colbert,Elfreda.Colbert@yopmail.com,1931-05-09,5476.61
1767,Desirae,Cressida,Desirae.Cressida@yopmail.com,1994-09-21,2081.55
1768,Jan,Cleo,Jan.Cleo@yopmail.com,2004-08-13,5645.38
1769,Leontine,Urania,Leontine.Urania@yopmail.com,1926-04-16,5626.51
1770,Correy,Greenwald,Correy.Greenwald@yopmail.com,1965-06-03,2987.45
1771,Maryellen,Danby,Maryellen.Danby@yopmail.com,1997-06-17,7629.71
1772,Oralee,Mallon,Oralee.Mallon@yopmail.com,1961-09-29,9306.37
1773,Aeriela,Decato,Aeriela.Decato@yopmail.com,1997-02-08,1251.2
1774,Dulcinea,Durware,Dulcinea.Durware@yopmail.com,1922-06-25,2810.55
1775,Frank,Gregrory,Frank.Gregrory@yopmail.com,2017-06-26,2449.73
1776,Gale,Phi,Gale.Phi@yopmail.com,1965-09-18,6506.18
1777,Tierney,Shirberg,Tierney.Shirberg@yopmail.com,1966-07-17,3010.39
1778,Nadine,Fax,Nadine.Fax@yopmail.com,1946-04-23,1828.65
1779,Juliane,Jaylene,Juliane.Jaylene@yopmail.com,1998-01-03,1437.85
1780,Stevana,Even,Stevana.Even@yopmail.com,1920-10-28,9366.67
1781,Lorenza,Urania,Lorenza.Urania@yopmail.com,2000-10-11,2197.18
1782,Nadine,Wenda,Nadine.Wenda@yopmail.com,1908-10-14,7290.75
1783,Lesly,Creamer,Lesly.Creamer@yopmail.com,1985-09-02,3490.87
1784,Ida,Candy,Ida.Candy@yopmail.com,1966-11-30,6205.09
1785,Aubrie,Frodi,Aubrie.Frodi@yopmail.com,2001-01-14,2754.45
1786,Marcy,Gunn,Marcy.Gunn@yopmail.com,1955-01-29,3797.67
1787,Nananne,Cath,Nananne.Cath@yopmail.com,1933-08-11,9766.8
1788,Dede,Loleta,Dede.Loleta@yopmail.com,1989-01-30,9399.73
1789,Jasmina,McCutcheon,Jasmina.McCutcheon@yopmail.com,1908-08-03,8476.33
1790,Tonia,Kaja,Tonia.Kaja@yopmail.com,1980-08-02,1938.23
1791,Magdalena,Robertson,Magdalena.Robertson@yopmail.com,1903-09-24,4854.95
1792,Zondra,Dreda,Zondra.Dreda@yopmail.com,1962-12-03,8448.39
1793,Dorthy,Stuart,Dorthy.Stuart@yopmail.com,1910-02-18,5028.3
1794,Julieta,Berard,Julieta.Berard@yopmail.com,1976-02-28,8899.83
1795,Nessie,Joeann,Nessie.Joeann@yopmail.com,1939-09-28,8703.3
1796,Angela,Loeb,Angela.Loeb@yopmail.com,1989-09-28,4514.54
1797,Yolane,Hazlett,Yolane.Hazlett@yopmail.com,1962-12-13,6392.96
1798,Brana,Joachim,Brana.Joachim@yopmail.com,1967-02-27,4287.05
1799,Joane,Kathie,Joane.Kathie@yopmail.com,1920-09-08,7787.81
1800,Lexine,Sholley,Lexine.Sholley@yopmail.com,1984-10-06,6158.18
1801,Aili,Emmy,Aili.Emmy@yopmail.com,1916-03-11,1417.7
1802,Oona,Gamaliel,Oona.Gamaliel@yopmail.com,1902-05-15,5039.69
1803,Cassandra,Beebe,Cassandra.Beebe@yopmail.com,1953-05-06,2307.92
1804,Charmaine,Eugenia,Charmaine.Eugenia@yopmail.com,1986-06-03,8285.28
1805,Shaylyn,Talia,Shaylyn.Talia@yopmail.com,2000-06-03,4092.23
1806,Aimil,Keily,Aimil.Keily@yopmail.com,1951-07-31,9424.98
1807,Adelle,Hailee,Adelle.Hailee@yopmail.com,1903-02-23,4901.35
1808,Claresta,Dituri,Claresta.Dituri@yopmail.com,1918-03-25,3123.17
1809,Almeta,Odell,Almeta.Odell@yopmail.com,1922-05-31,4568.55
1810,Kassey,Velick,Kassey.Velick@yopmail.com,1984-07-19,6569.49
1811,Kate,Gregrory,Kate.Gregrory@yopmail.com,1947-07-01,2312.15
1812,Ariela,Ader,Ariela.Ader@yopmail.com,1903-01-16,4272.55
1813,Britte,Genna,Britte.Genna@yopmail.com,1998-04-18,9911.71
1814,Shannah,Virgin,Shannah.Virgin@yopmail.com,2007-05-07,4614.83
1815,Dode,Alrich,Dode.Alrich@yopmail.com,1925-04-12,5745.54
1816,Vanessa,Septima,Vanessa.Septima@yopmail.com,1936-03-12,4687.15
1817,Jaime,Percy,Jaime.Percy@yopmail.com,1972-06-02,4673.31
1818,Jean,Martguerita,Jean.Martguerita@yopmail.com,1928-11-14,8374.59
1819,Malina,Mich,Malina.Mich@yopmail.com,1971-07-09,1429.75
1820,Vita,Autrey,Vita.Autrey@yopmail.com,2009-06-06,3123.09
1821,Marylou,Laverne,Marylou.Laverne@yopmail.com,1932-12-30,4394.26
1822,Karina,Zola,Karina.Zola@yopmail.com,2000-05-30,6660.67
1823,Caryl,Drus,Caryl.Drus@yopmail.com,1999-08-30,3059.46
1824,Gretal,Maribeth,Gretal.Maribeth@yopmail.com,1951-11-26,3297.21
1825,Tilly,Jehu,Tilly.Jehu@yopmail.com,1956-03-29,1478.84
1826,Emylee,Jillane,Emylee.Jillane@yopmail.com,1912-08-15,1919.13
1827,Doralynne,Salvidor,Doralynne.Salvidor@yopmail.com,1928-08-24,5723.35
1828,Nelle,Philipp,Nelle.Philipp@yopmail.com,1941-05-12,7747.08
1829,Ottilie,Roche,Ottilie.Roche@yopmail.com,2007-11-18,9526.63
1830,Hyacinthe,Xerxes,Hyacinthe.Xerxes@yopmail.com,1981-11-06,1440.52
1831,Drucie,Carbo,Drucie.Carbo@yopmail.com,1916-07-22,7133.77
1832,Celisse,Bertold,Celisse.Bertold@yopmail.com,1970-05-17,7013.74
1833,Nollie,Kare,Nollie.Kare@yopmail.com,1995-05-31,8928.79
1834,Thalia,Bronk,Thalia.Bronk@yopmail.com,1933-08-17,3375.98
1835,Sadie,Bollay,Sadie.Bollay@yopmail.com,1938-01-18,5863.68
1836,Grier,Stephie,Grier.Stephie@yopmail.com,1982-08-10,8920.88
1837,Elmira,Guthrie,Elmira.Guthrie@yopmail.com,1923-11-05,2164.84
1838,Fayre,Durware,Fayre.Durware@yopmail.com,1960-05-12,5550.68
1839,Arlina,Taima,Arlina.Taima@yopmail.com,1986-06-06,7401.65
1840,Bibby,Gavrila,Bibby.Gavrila@yopmail.com,1972-07-12,1581.4
1841,Laurene,Ammann,Laurene.Ammann@yopmail.com,1957-10-23,1750.44
1842,Beverley,Vharat,Beverley.Vharat@yopmail.com,1918-11-23,6501.05
1843,Patricia,Pearse,Patricia.Pearse@yopmail.com,1902-04-07,2410.84
1844,Shauna,Trey,Shauna.Trey@yopmail.com,1995-04-04,4800.39
1845,Lonnie,Elvyn,Lonnie.Elvyn@yopmail.com,2009-07-07,7713.71
1846,Helsa,Borrell,Helsa.Borrell@yopmail.com,1942-09-22,9555.61
1847,Nelle,Tice,Nelle.Tice@yopmail.com,1924-05-26,6011.04
1848,Addia,Lorain,Addia.Lorain@yopmail.com,1986-06-25,7216.27
1849,Cyndie,Wiener,Cyndie.Wiener@yopmail.com,1933-12-02,5266.65
1850,Raquela,Anastatius,Raquela.Anastatius@yopmail.com,1913-12-30,6418.69
1851,Stacey,Revkah,Stacey.Revkah@yopmail.com,1902-07-10,6792.59
1852,Lynnea,Slifka,Lynnea.Slifka@yopmail.com,1942-04-15,5749.81
1853,Shauna,Dudley,Shauna.Dudley@yopmail.com,1928-04-08,4959.9
1854,Jackie,Ellord,Jackie.Ellord@yopmail.com,1950-03-04,3085.03
1855,Cathyleen,Fitzsimmons,Cathyleen.Fitzsimmons@yopmail.com,1982-09-26,1190.6
1856,Ariela,Ludewig,Ariela.Ludewig@yopmail.com,1985-10-23,9427.94
1857,Patricia,Noam,Patricia.Noam@yopmail.com,1917-09-14,9029.68
1858,Gretal,Tamsky,Gretal.Tamsky@yopmail.com,1964-07-27,1854.49
1859,Dorothy,Kevon,Dorothy.Kevon@yopmail.com,2006-04-17,8046.73
1860,Cristine,Adlare,Cristine.Adlare@yopmail.com,2014-10-30,7812.83
1861,Anallese,Schroth,Anallese.Schroth@yopmail.com,2005-04-18,8762.53
1862,Kaja,Kare,Kaja.Kare@yopmail.com,1956-10-21,2881.08
1863,Suzette,Weinreb,Suzette.Weinreb@yopmail.com,1943-09-18,3279.69
1864,Oralee,Teddman,Oralee.Teddman@yopmail.com,1960-06-05,9841.68
1865,Elise,Kimmie,Elise.Kimmie@yopmail.com,1926-06-22,2721.17
1866,Tiffie,Means,Tiffie.Means@yopmail.com,1999-09-30,7523.22
1867,Raf,Winnick,Raf.Winnick@yopmail.com,1946-04-22,8547.55
1868,June,Delp,June.Delp@yopmail.com,1981-02-04,6597.37
1869,Roberta,Remmer,Roberta.Remmer@yopmail.com,1956-01-25,9868.39
1870,Dulcinea,Phyllis,Dulcinea.Phyllis@yopmail.com,2016-09-29,7674.23
1871,Edee,Alexandr,Edee.Alexandr@yopmail.com,1924-07-18,5130.96
1872,Katharina,Florina,Katharina.Florina@yopmail.com,1967-03-03,2812.97
1873,Sheree,Hurley,Sheree.Hurley@yopmail.com,1985-10-17,8801.62
1874,Flo,Craggie,Flo.Craggie@yopmail.com,1943-09-29,5829.53
1875,Marti,Desai,Marti.Desai@yopmail.com,1901-08-27,9779.49
1876,Tomasina,Ferrell,Tomasina.Ferrell@yopmail.com,2004-10-01,1294.53
1877,Flo,Callista,Flo.Callista@yopmail.com,1919-11-26,8278.47
1878,Janis,Teryn,Janis.Teryn@yopmail.com,2010-01-20,3684.72
1879,Sadie,Fredi,Sadie.Fredi@yopmail.com,1988-03-12,4406.33
1880,Silvana,Verger,Silvana.Verger@yopmail.com,1952-08-20,5321.09
1881,Maye,Ricarda,Maye.Ricarda@yopmail.com,1923-08-26,1675.7
1882,Marline,Hashim,Marline.Hashim@yopmail.com,2016-10-30,1590.46
1883,Charmaine,Hurley,Charmaine.Hurley@yopmail.com,1971-05-29,1598.78
1884,Eve,Belldas,Eve.Belldas@yopmail.com,2011-07-22,9462.93
1885,Leona,Raimondo,Leona.Raimondo@yopmail.com,1942-10-03,6644.68
1886,Malina,Kat,Malina.Kat@yopmail.com,1947-09-25,1804.27
1887,Britte,Borrell,Britte.Borrell@yopmail.com,2015-12-19,2323.62
1888,Hayley,Alejoa,Hayley.Alejoa@yopmail.com,1975-10-02,9654.09
1889,Imojean,Gordon,Imojean.Gordon@yopmail.com,1969-08-26,8608.19
1890,Melodie,Munn,Melodie.Munn@yopmail.com,1925-05-05,7109.35
1891,Marleah,Ariella,Marleah.Ariella@yopmail.com,2017-04-21,2576.31
1892,Correy,Candy,Correy.Candy@yopmail.com,2015-03-21,2868.06
1893,Philis,Noman,Philis.Noman@yopmail.com,1997-07-17,3495.76
1894,Kimmy,Levey,Kimmy.Levey@yopmail.com,1909-11-25,2883.4
1895,Benita,Durante,Benita.Durante@yopmail.com,1977-06-01,3782.01
1896,Barbi,Pip,Barbi.Pip@yopmail.com,1910-02-18,9207.11
1897,Maryellen,Frendel,Maryellen.Frendel@yopmail.com,1978-04-17,5588.3
1898,Misha,Faro,Misha.Faro@yopmail.com,2016-05-21,6377.91
1899,Angela,Kosey,Angela.Kosey@yopmail.com,1964-06-11,5040.09
1900,Jere,Nicoline,Jere.Nicoline@yopmail.com,2019-09-03,9205.77
1901,Consuela,Cimbura,Consuela.Cimbura@yopmail.com,1927-08-03,7972.38
1902,Tatiania,Dowski,Tatiania.Dowski@yopmail.com,1939-06-04,9833.81
1903,Viviene,Thar,Viviene.Thar@yopmail.com,1983-11-04,7516.4
1904,Brena,Longfellow,Brena.Longfellow@yopmail.com,1990-01-17,3104.92
1905,Adriana,Regan,Adriana.Regan@yopmail.com,1987-02-26,7513.35
1906,Tami,Toni,Tami.Toni@yopmail.com,1939-03-12,4260.96
1907,Gianina,Dannye,Gianina.Dannye@yopmail.com,1993-09-27,3273.68
1908,Joy,Oneida,Joy.Oneida@yopmail.com,1933-08-15,7255.14
1909,Marti,Yate,Marti.Yate@yopmail.com,1992-04-23,2646.27
1910,Mariann,Seessel,Mariann.Seessel@yopmail.com,1985-02-23,3183.06
1911,Johna,Riva,Johna.Riva@yopmail.com,1917-05-04,4528.78
1912,Aubrie,Bennie,Aubrie.Bennie@yopmail.com,1970-08-19,2644.82
1913,Cassondra,Brian,Cassondra.Brian@yopmail.com,1968-10-27,6773.93
1914,Daphne,Schenck,Daphne.Schenck@yopmail.com,1977-04-03,5780.33
1915,Teddie,Dudley,Teddie.Dudley@yopmail.com,1908-09-18,6438.16
1916,Sashenka,Baudin,Sashenka.Baudin@yopmail.com,1919-12-27,5606.16
1917,Heddie,Fry,Heddie.Fry@yopmail.com,2009-07-13,3499.43
1918,Siana,Blase,Siana.Blase@yopmail.com,1914-02-12,6073.27
1919,Gale,Karl,Gale.Karl@yopmail.com,1977-01-24,5628.74
1920,Mady,Berne,Mady.Berne@yopmail.com,1936-10-01,7281.98
1921,Ermengarde,Gert,Ermengarde.Gert@yopmail.com,2009-09-02,8785.6
1922,Viviene,Codding,Viviene.Codding@yopmail.com,1942-09-30,4566.22
1923,Jsandye,Cavan,Jsandye.Cavan@yopmail.com,1914-07-24,1488.38
1924,Aaren,Calhoun,Aaren.Calhoun@yopmail.com,2015-08-21,9378.45
1925,Clarice,Danby,Clarice.Danby@yopmail.com,1982-10-24,5305.26
1926,Bettine,Lasley,Bettine.Lasley@yopmail.com,1991-11-29,3767.32
1927,Raf,Campball,Raf.Campball@yopmail.com,1949-09-04,3071.86
1928,Stacey,Skell,Stacey.Skell@yopmail.com,1996-06-21,4018.45
1929,Renie,Charity,Renie.Charity@yopmail.com,1993-12-03,2393.82
1930,Annice,Standing,Annice.Standing@yopmail.com,2012-05-03,1837.59
1931,Layla,Bow,Layla.Bow@yopmail.com,2012-05-09,3240.83
1932,Misha,McClimans,Misha.McClimans@yopmail.com,1992-11-19,3528.73
1933,Jaime,Ball,Jaime.Ball@yopmail.com,1954-05-31,3806.46
1934,Gusella,Abernon,Gusella.Abernon@yopmail.com,1908-02-21,4688.78
1935,Dorene,Ledah,Dorene.Ledah@yopmail.com,1977-06-19,3114.65
1936,Courtnay,Auberbach,Courtnay.Auberbach@yopmail.com,1956-05-25,7762.82
1937,Krystle,Pozzy,Krystle.Pozzy@yopmail.com,1910-12-11,1161.06
1938,Ezmeralda,Hourigan,Ezmeralda.Hourigan@yopmail.com,1911-02-01,8963.95
1939,Doro,Wattenberg,Doro.Wattenberg@yopmail.com,1987-04-01,6945.44
1940,Benita,Read,Benita.Read@yopmail.com,1925-08-22,7971
1941,Ardenia,Carleen,Ardenia.Carleen@yopmail.com,1919-05-23,9559.29
1942,Pierette,Gibbeon,Pierette.Gibbeon@yopmail.com,1967-12-08,2118.23
1943,Maud,Tayib,Maud.Tayib@yopmail.com,1923-11-10,7251.5
1944,Trudie,Haldas,Trudie.Haldas@yopmail.com,1901-01-13,1631.57
1945,Sarette,Faro,Sarette.Faro@yopmail.com,1942-08-26,2597.33
1946,Janenna,Wandie,Janenna.Wandie@yopmail.com,1972-01-29,3304.71
1947,Wileen,Joseph,Wileen.Joseph@yopmail.com,1975-05-18,5833.35
1948,Vinita,Ball,Vinita.Ball@yopmail.com,1948-06-15,5637.18
1949,Georgetta,Berard,Georgetta.Berard@yopmail.com,1926-07-03,9222.6
1950,Nikki,Gaal,Nikki.Gaal@yopmail.com,1941-04-10,7727.75
1951,Eve,Ezar,Eve.Ezar@yopmail.com,1937-07-23,9424.68
1952,Rebeca,My,Rebeca.My@yopmail.com,1930-06-08,1862.16
1953,Loree,Yerkovich,Loree.Yerkovich@yopmail.com,2018-01-04,4106.36
1954,Vere,Mendez,Vere.Mendez@yopmail.com,1992-05-29,4791.16
1955,Latisha,Zrike,Latisha.Zrike@yopmail.com,1931-11-21,7993.04
1956,Sarette,Rossner,Sarette.Rossner@yopmail.com,1902-05-13,7313.91
1957,Dorice,Bevin,Dorice.Bevin@yopmail.com,1942-11-30,8400.14
1958,Jillayne,Mayeda,Jillayne.Mayeda@yopmail.com,2016-09-13,8144.75
1959,Amara,Sidonius,Amara.Sidonius@yopmail.com,2010-01-11,1832.58
1960,Fanny,Joni,Fanny.Joni@yopmail.com,1968-07-10,5152.23
1961,Gaylene,Cullin,Gaylene.Cullin@yopmail.com,1927-10-27,3849.97
1962,Wanda,Roscoe,Wanda.Roscoe@yopmail.com,1957-03-14,8056.36
1963,Karena,Schroth,Karena.Schroth@yopmail.com,1986-09-01,7673.71
1964,Nariko,Parsaye,Nariko.Parsaye@yopmail.com,1954-01-14,2198.4
1965,Tera,Cherianne,Tera.Cherianne@yopmail.com,1917-05-24,7110.44
1966,Consuela,Georgy,Consuela.Georgy@yopmail.com,1943-11-27,7721.89
1967,Averyl,Monaco,Averyl.Monaco@yopmail.com,1935-03-26,5627.44
1968,Margalo,Nahum,Margalo.Nahum@yopmail.com,2004-10-02,4390.32
1969,Maye,Persse,Maye.Persse@yopmail.com,1929-04-19,9708.55
1970,Shandie,Michella,Shandie.Michella@yopmail.com,1918-06-13,6413.19
1971,Patricia,Arne,Patricia.Arne@yopmail.com,1925-08-24,6145.83
1972,Meghann,Gunn,Meghann.Gunn@yopmail.com,1997-07-21,3363.47
1973,Janeczka,Wilkinson,Janeczka.Wilkinson@yopmail.com,1929-01-30,5942.69
1974,Ellette,Odysseus,Ellette.Odysseus@yopmail.com,1979-10-24,4503.65
1975,Nannie,Slifka,Nannie.Slifka@yopmail.com,1955-06-28,8097.67
1976,Harrietta,Stacy,Harrietta.Stacy@yopmail.com,1913-12-19,1436.99
1977,Lexine,Ade,Lexine.Ade@yopmail.com,1905-05-23,4430.01
1978,Olivette,Riordan,Olivette.Riordan@yopmail.com,1941-04-13,6084.51
1979,Jean,Raseda,Jean.Raseda@yopmail.com,1984-10-29,8171.23
1980,Rhea,Margret,Rhea.Margret@yopmail.com,1951-01-24,6489.65
1981,Renie,Giff,Renie.Giff@yopmail.com,1994-05-29,1128.84
1982,Emma,Delacourt,Emma.Delacourt@yopmail.com,1965-05-16,3570.47
1983,Dagmar,Alisia,Dagmar.Alisia@yopmail.com,1952-09-29,6137.96
1984,Rani,Rooney,Rani.Rooney@yopmail.com,1950-11-08,6547.16
1985,Pearline,Truc,Pearline.Truc@yopmail.com,2013-02-15,4071.57
1986,Roslyn,Tayib,Roslyn.Tayib@yopmail.com,1981-01-28,9642
1987,Mireielle,Berl,Mireielle.Berl@yopmail.com,1992-10-24,2698.44
1988,Beatriz,Truc,Beatriz.Truc@yopmail.com,1906-11-30,9252.88
1989,Blondelle,Gabrielli,Blondelle.Gabrielli@yopmail.com,1945-05-20,8137.31
1990,Marti,Dahlia,Marti.Dahlia@yopmail.com,1984-07-14,6758.06
1991,Brietta,Fiann,Brietta.Fiann@yopmail.com,1955-04-18,7624.7
1992,Raquela,Merell,Raquela.Merell@yopmail.com,1953-01-05,4349.78
1993,Silvana,Bettine,Silvana.Bettine@yopmail.com,1990-10-02,8402.11
1994,Larine,Izaak,Larine.Izaak@yopmail.com,1945-12-08,4486.34
1995,Lauryn,Evvie,Lauryn.Evvie@yopmail.com,1987-11-24,7916.72
1996,Nariko,Darbie,Nariko.Darbie@yopmail.com,1985-04-03,4671.4
1997,Amara,Seessel,Amara.Seessel@yopmail.com,1952-05-05,2563.59
1998,Maridel,Percy,Maridel.Percy@yopmail.com,1916-03-20,4128.35
1999,Stevana,Gaulin,Stevana.Gaulin@yopmail.com,1981-11-07,5450.45